ticket_id,text,category,predicted_category,confidence
T2595,"same issue as last time, please check",account,technical,0.298
T2618,it is not working please help,account,product,0.279
T2518,can someone call me back about this,product,account,0.284
T2605,it is not working please help,product,product,0.279
T2616,"same issue as last time, please check",billing,technical,0.298
T2530,it is not working please help,account,product,0.279
T2642,can someone call me back about this,billing,account,0.284
T2501,"nothing works, please fix",account,technical,0.293
T2573,"same issue as last time, please check",account,technical,0.298
T2630,"nothing works, please fix",billing,technical,0.293
T2586,"nothing works, please fix",billing,technical,0.293
T2577,it is not working please help,product,product,0.279
T2628,can someone call me back about this,product,account,0.284
T2503,"nothing works, please fix",billing,technical,0.293
T2536,"nothing works, please fix",billing,technical,0.293
T2600,it is not working please help,billing,product,0.279
T2559,can someone call me back about this,account,account,0.284
T2629,it is not working please help,product,product,0.279
T2550,it is not working please help,technical,product,0.279
T2594,can someone call me back about this,account,account,0.284
T2583,it is not working please help,product,product,0.279
T2639,it is not working please help,product,product,0.279
T2599,it is not working please help,product,product,0.279
